2017-11-10 17:14:49,460003261231561,街道口
2017-11-10 20:14:49,460003261231561,广埠屯
2017-11-10 20:14:49,460003261231211,广埠屯
2017-11-10 21:14:00,460003261231561,武昌火车站
2017-11-10 21:14:00,460003261231261,武昌火车站
2017-11-10 20:14:49,460003261231211,武昌火车站
2017-11-10 17:15:49,460003361231522,街道口
2017-11-10 17:14:40,460003361231509,街道口
2017-11-10 19:51:27,460003261231363,广八路
2017-11-10 15:37:31,460003261231885,中南路
2017-11-10 00:11:58,460003261231251,中南路
2017-11-10 21:05:20,460003261231641,珞狮北路
2017-11-10 18:34:21,460003261231946,街道口
2017-11-10 07:16:19,460003261231745,武昌火车站
2017-11-10 08:28:35,460003261231917,中南路
2017-11-10 15:06:05,460003261231924,中南路
2017-11-10 22:46:36,460003261231998,中南路
2017-11-10 22:06:01,460003261231586,珞狮北路
2017-11-10 08:31:55,460003261231447,光谷广场
2017-11-10 07:22:35,460003261231722,武珞路
2017-11-10 06:06:17,460003261231794,街道口
2017-11-10 03:10:45,460003261231196,中南路
2017-11-10 02:57:46,460003261231672,武昌火车站
2017-11-10 15:05:33,460003261231561,珞狮北路